stock,total_return,max_drawdown,trade_count,N,M,stop_loss,rsi_low,rsi_high,final_equity
600519.SH,0.056453,0.01528894720845977,46,20,5,0.03,20,75,1056453.0
600519.SH,0.056453,0.01528894720845977,46,20,5,0.03,25,75,1056453.0
600519.SH,0.056453,0.01528894720845977,46,20,5,0.03,30,75,1056453.0
600519.SH,0.054354,0.01845890233137754,44,20,5,0.05,20,75,1054354.0
600519.SH,0.054354,0.01845890233137754,44,20,5,0.05,25,75,1054354.0
600519.SH,0.054354,0.01845890233137754,44,20,5,0.05,30,75,1054354.0
600519.SH,0.054354,0.01845890233137754,44,20,5,0.08,20,75,1054354.0
600519.SH,0.054354,0.01845890233137754,44,20,5,0.08,25,75,1054354.0
600519.SH,0.054354,0.01845890233137754,44,20,5,0.08,30,75,1054354.0
600519.SH,0.054354,0.01845890233137754,44,20,5,0.1,20,75,1054354.0
600519.SH,0.054354,0.01845890233137754,44,20,5,0.1,25,75,1054354.0
600519.SH,0.054354,0.01845890233137754,44,20,5,0.1,30,75,1054354.0
600519.SH,0.052782,0.017161160169861155,36,20,5,0.05,20,70,1052782.0
600519.SH,0.052782,0.017161160169861155,36,20,5,0.05,25,70,1052782.0
600519.SH,0.052782,0.017161160169861155,36,20,5,0.05,30,70,1052782.0
600519.SH,0.052782,0.017161160169861155,36,20,5,0.08,20,70,1052782.0
600519.SH,0.052782,0.017161160169861155,36,20,5,0.08,25,70,1052782.0
600519.SH,0.052782,0.017161160169861155,36,20,5,0.08,30,70,1052782.0
600519.SH,0.052782,0.017161160169861155,36,20,5,0.1,20,70,1052782.0
600519.SH,0.052782,0.017161160169861155,36,20,5,0.1,25,70,1052782.0
600519.SH,0.052782,0.017161160169861155,36,20,5,0.1,30,70,1052782.0
600519.SH,0.04946,0.015402410575427683,38,20,5,0.03,20,70,1049460.0
600519.SH,0.04946,0.015402410575427683,38,20,5,0.03,25,70,1049460.0
600519.SH,0.04946,0.015402410575427683,38,20,5,0.03,30,70,1049460.0
600519.SH,0.049102,0.0218537983480397,40,20,10,0.05,20,75,1049102.0
600519.SH,0.049102,0.0218537983480397,40,20,10,0.05,25,75,1049102.0
600519.SH,0.049102,0.0218537983480397,40,20,10,0.05,30,75,1049102.0
600519.SH,0.04854,0.0156433497670047,48,20,3,0.03,20,75,1048540.0
600519.SH,0.04854,0.0156433497670047,48,20,3,0.03,25,75,1048540.0
600519.SH,0.04854,0.0156433497670047,48,20,3,0.03,30,75,1048540.0
600519.SH,0.047428,0.020301227815011137,44,20,10,0.03,20,75,1047428.0
600519.SH,0.047428,0.020301227815011137,44,20,10,0.03,25,75,1047428.0
600519.SH,0.047428,0.020301227815011137,44,20,10,0.03,30,75,1047428.0
600519.SH,0.046848,0.0156433497670047,48,20,3,0.05,20,75,1046848.0
600519.SH,0.046848,0.0156433497670047,48,20,3,0.05,25,75,1046848.0
600519.SH,0.046848,0.0156433497670047,48,20,3,0.05,30,75,1046848.0
600519.SH,0.046848,0.0156433497670047,48,20,3,0.08,20,75,1046848.0
600519.SH,0.046848,0.0156433497670047,48,20,3,0.08,25,75,1046848.0
600519.SH,0.046848,0.0156433497670047,48,20,3,0.08,30,75,1046848.0
600519.SH,0.046848,0.0156433497670047,48,20,3,0.1,20,75,1046848.0
600519.SH,0.046848,0.0156433497670047,48,20,3,0.1,25,75,1046848.0
600519.SH,0.046848,0.0156433497670047,48,20,3,0.1,30,75,1046848.0
600519.SH,0.045975,0.021885392511532025,40,20,10,0.08,20,75,1045975.0
600519.SH,0.045975,0.021885392511532025,40,20,10,0.08,25,75,1045975.0
600519.SH,0.045975,0.021885392511532025,40,20,10,0.08,30,75,1045975.0
600519.SH,0.045975,0.021885392511532025,40,20,10,0.1,20,75,1045975.0
600519.SH,0.045975,0.021885392511532025,40,20,10,0.1,25,75,1045975.0
600519.SH,0.045975,0.021885392511532025,40,20,10,0.1,30,75,1045975.0
600519.SH,0.042679,0.024443236844832815,34,20,10,0.05,20,70,1042679.0
600519.SH,0.042679,0.024443236844832815,34,20,10,0.05,25,70,1042679.0
600519.SH,0.042679,0.024443236844832815,34,20,10,0.05,30,70,1042679.0
600519.SH,0.042679,0.024443236844832815,34,20,10,0.08,20,70,1042679.0
600519.SH,0.042679,0.024443236844832815,34,20,10,0.08,25,70,1042679.0
600519.SH,0.042679,0.024443236844832815,34,20,10,0.08,30,70,1042679.0
600519.SH,0.042679,0.024443236844832815,34,20,10,0.1,20,70,1042679.0
600519.SH,0.042679,0.024443236844832815,34,20,10,0.1,25,70,1042679.0
600519.SH,0.042679,0.024443236844832815,34,20,10,0.1,30,70,1042679.0
600519.SH,0.042495,0.0418915295551493,85,5,10,0.08,20,70,1042495.0
600519.SH,0.042495,0.0418915295551493,85,5,10,0.08,25,70,1042495.0
600519.SH,0.042495,0.0418915295551493,85,5,10,0.08,30,70,1042495.0
600519.SH,0.042495,0.0418915295551493,85,5,10,0.1,20,70,1042495.0
600519.SH,0.042495,0.0418915295551493,85,5,10,0.1,25,70,1042495.0
600519.SH,0.042495,0.0418915295551493,85,5,10,0.1,30,70,1042495.0
600519.SH,0.042285,0.02045213361502439,36,20,10,0.03,20,70,1042285.0
600519.SH,0.042285,0.02045213361502439,36,20,10,0.03,25,70,1042285.0
600519.SH,0.042285,0.02045213361502439,36,20,10,0.03,30,70,1042285.0
600519.SH,0.04201,0.02944495831806256,80,10,5,0.05,20,70,1042010.0
600519.SH,0.04201,0.02944495831806256,80,10,5,0.05,25,70,1042010.0
600519.SH,0.04201,0.02944495831806256,80,10,5,0.05,30,70,1042010.0
600519.SH,0.041784,0.01575945995341476,40,20,3,0.05,20,70,1041784.0
600519.SH,0.041784,0.01575945995341476,40,20,3,0.05,25,70,1041784.0
600519.SH,0.041784,0.01575945995341476,40,20,3,0.05,30,70,1041784.0
600519.SH,0.041784,0.01575945995341476,40,20,3,0.08,20,70,1041784.0
600519.SH,0.041784,0.01575945995341476,40,20,3,0.08,25,70,1041784.0
600519.SH,0.041784,0.01575945995341476,40,20,3,0.08,30,70,1041784.0
600519.SH,0.041784,0.01575945995341476,40,20,3,0.1,20,70,1041784.0
600519.SH,0.041784,0.01575945995341476,40,20,3,0.1,25,70,1041784.0
600519.SH,0.041784,0.01575945995341476,40,20,3,0.1,30,70,1041784.0
600519.SH,0.0415,0.01575945995341476,40,20,3,0.03,20,70,1041500.0
600519.SH,0.0415,0.01575945995341476,40,20,3,0.03,25,70,1041500.0
600519.SH,0.0415,0.01575945995341476,40,20,3,0.03,30,70,1041500.0
600519.SH,0.04091,0.025403609417951476,52,20,5,0.03,20,80,1040910.0
600519.SH,0.04091,0.025403609417951476,52,20,5,0.03,25,80,1040910.0
600519.SH,0.04091,0.025403609417951476,52,20,5,0.03,30,80,1040910.0
600519.SH,0.040546,0.03604176886145669,97,5,5,0.05,20,70,1040546.0
600519.SH,0.040546,0.03604176886145669,97,5,5,0.05,25,70,1040546.0
600519.SH,0.040546,0.03604176886145669,97,5,5,0.05,30,70,1040546.0
600519.SH,0.038811,0.027596491647348422,50,20,5,0.05,20,80,1038811.0
600519.SH,0.038811,0.027596491647348422,50,20,5,0.05,25,80,1038811.0
600519.SH,0.038811,0.027596491647348422,50,20,5,0.05,30,80,1038811.0
600519.SH,0.038811,0.027596491647348422,50,20,5,0.08,20,80,1038811.0
600519.SH,0.038811,0.027596491647348422,50,20,5,0.08,25,80,1038811.0
600519.SH,0.038811,0.027596491647348422,50,20,5,0.08,30,80,1038811.0
600519.SH,0.038811,0.027596491647348422,50,20,5,0.1,20,80,1038811.0
600519.SH,0.038811,0.027596491647348422,50,20,5,0.1,25,80,1038811.0
600519.SH,0.038811,0.027596491647348422,50,20,5,0.1,30,80,1038811.0
600519.SH,0.037768,0.029436167841115062,84,10,5,0.05,20,75,1037768.0
600519.SH,0.037768,0.029436167841115062,84,10,5,0.05,25,75,1037768.0
600519.SH,0.037768,0.029436167841115062,84,10,5,0.05,30,75,1037768.0
600519.SH,0.037143,0.029584565252334355,80,10,5,0.08,20,70,1037143.0
600519.SH,0.037143,0.029584565252334355,80,10,5,0.08,25,70,1037143.0
600519.SH,0.037143,0.029584565252334355,80,10,5,0.08,30,70,1037143.0
600519.SH,0.037143,0.029584565252334355,80,10,5,0.1,20,70,1037143.0
600519.SH,0.037143,0.029584565252334355,80,10,5,0.1,25,70,1037143.0
600519.SH,0.037143,0.029584565252334355,80,10,5,0.1,30,70,1037143.0
600519.SH,0.036948,0.035008668461837485,44,20,10,0.05,20,80,1036948.0
600519.SH,0.036948,0.035008668461837485,44,20,10,0.05,25,80,1036948.0
600519.SH,0.036948,0.035008668461837485,44,20,10,0.05,30,80,1036948.0
600519.SH,0.036814,0.04212486175711608,87,5,10,0.05,20,70,1036814.0
600519.SH,0.036814,0.04212486175711608,87,5,10,0.05,25,70,1036814.0
600519.SH,0.036814,0.04212486175711608,87,5,10,0.05,30,70,1036814.0
600519.SH,0.036397,0.037524708627226476,91,5,10,0.03,20,70,1036397.0
600519.SH,0.036397,0.037524708627226476,91,5,10,0.03,25,70,1036397.0
600519.SH,0.036397,0.037524708627226476,91,5,10,0.03,30,70,1036397.0
600519.SH,0.036304,0.03603105283074238,99,5,5,0.05,20,75,1036304.0
600519.SH,0.036304,0.03603105283074238,99,5,5,0.05,25,75,1036304.0
600519.SH,0.036304,0.03603105283074238,99,5,5,0.05,30,75,1036304.0
600519.SH,0.035679,0.036211953194655866,97,5,5,0.08,20,70,1035679.0
600519.SH,0.035679,0.036211953194655866,97,5,5,0.08,25,70,1035679.0
600519.SH,0.035679,0.036211953194655866,97,5,5,0.08,30,70,1035679.0
600519.SH,0.035679,0.036211953194655866,97,5,5,0.1,20,70,1035679.0
600519.SH,0.035679,0.036211953194655866,97,5,5,0.1,25,70,1035679.0
600519.SH,0.035679,0.036211953194655866,97,5,5,0.1,30,70,1035679.0
600519.SH,0.035326,0.036542792313490925,44,20,10,0.08,20,80,1035326.0
600519.SH,0.035326,0.036542792313490925,44,20,10,0.08,25,80,1035326.0
600519.SH,0.035326,0.036542792313490925,44,20,10,0.08,30,80,1035326.0
600519.SH,0.035326,0.036542792313490925,44,20,10,0.1,20,80,1035326.0
600519.SH,0.035326,0.036542792313490925,44,20,10,0.1,25,80,1035326.0
600519.SH,0.035326,0.036542792313490925,44,20,10,0.1,30,80,1035326.0
600519.SH,0.035305,0.023898778508991067,20,60,10,0.05,20,80,1035305.0
600519.SH,0.035305,0.023898778508991067,20,60,10,0.05,25,80,1035305.0
600519.SH,0.035305,0.023898778508991067,20,60,10,0.05,30,80,1035305.0
600519.SH,0.035305,0.023898778508991067,20,60,10,0.08,20,80,1035305.0
600519.SH,0.035305,0.023898778508991067,20,60,10,0.08,25,80,1035305.0
600519.SH,0.035305,0.023898778508991067,20,60,10,0.08,30,80,1035305.0
600519.SH,0.035305,0.023898778508991067,20,60,10,0.1,20,80,1035305.0
600519.SH,0.035305,0.023898778508991067,20,60,10,0.1,25,80,1035305.0
600519.SH,0.035305,0.023898778508991067,20,60,10,0.1,30,80,1035305.0
600519.SH,0.033905,0.027375119262891656,82,10,5,0.03,20,70,1033905.0
600519.SH,0.033905,0.027375119262891656,82,10,5,0.03,25,70,1033905.0
600519.SH,0.033905,0.027375119262891656,82,10,5,0.03,30,70,1033905.0
600519.SH,0.033038,0.014602153815197437,16,60,3,0.03,20,75,1033038.0
600519.SH,0.033038,0.014602153815197437,16,60,3,0.03,25,75,1033038.0
600519.SH,0.033038,0.014602153815197437,16,60,3,0.03,30,75,1033038.0
600519.SH,0.033038,0.014602153815197437,16,60,3,0.05,20,75,1033038.0
600519.SH,0.033038,0.014602153815197437,16,60,3,0.05,25,75,1033038.0
600519.SH,0.033038,0.014602153815197437,16,60,3,0.05,30,75,1033038.0
600519.SH,0.033038,0.014602153815197437,16,60,3,0.08,20,75,1033038.0
600519.SH,0.033038,0.014602153815197437,16,60,3,0.08,25,75,1033038.0
600519.SH,0.033038,0.014602153815197437,16,60,3,0.08,30,75,1033038.0
600519.SH,0.033038,0.014602153815197437,16,60,3,0.1,20,75,1033038.0
600519.SH,0.033038,0.014602153815197437,16,60,3,0.1,25,75,1033038.0
600519.SH,0.033038,0.014602153815197437,16,60,3,0.1,30,75,1033038.0
600519.SH,0.033016,0.014602153815197437,16,60,5,0.03,20,75,1033016.0
600519.SH,0.033016,0.014602153815197437,16,60,5,0.03,25,75,1033016.0
600519.SH,0.033016,0.014602153815197437,16,60,5,0.03,30,75,1033016.0
600519.SH,0.033016,0.014602153815197437,16,60,5,0.05,20,75,1033016.0
600519.SH,0.033016,0.014602153815197437,16,60,5,0.05,25,75,1033016.0
600519.SH,0.033016,0.014602153815197437,16,60,5,0.05,30,75,1033016.0
600519.SH,0.033016,0.014602153815197437,16,60,5,0.08,20,75,1033016.0
600519.SH,0.033016,0.014602153815197437,16,60,5,0.08,25,75,1033016.0
600519.SH,0.033016,0.014602153815197437,16,60,5,0.08,30,75,1033016.0
600519.SH,0.033016,0.014602153815197437,16,60,5,0.1,20,75,1033016.0
600519.SH,0.033016,0.014602153815197437,16,60,5,0.1,25,75,1033016.0
600519.SH,0.033016,0.014602153815197437,16,60,5,0.1,30,75,1033016.0
600519.SH,0.032901,0.029575691234029623,84,10,5,0.08,20,75,1032901.0
600519.SH,0.032901,0.029575691234029623,84,10,5,0.08,25,75,1032901.0
600519.SH,0.032901,0.029575691234029623,84,10,5,0.08,30,75,1032901.0
600519.SH,0.032901,0.029575691234029623,84,10,5,0.1,20,75,1032901.0
600519.SH,0.032901,0.029575691234029623,84,10,5,0.1,25,75,1032901.0
600519.SH,0.032901,0.029575691234029623,84,10,5,0.1,30,75,1032901.0
600519.SH,0.032481,0.041648071173339164,83,5,10,0.08,20,75,1032481.0
600519.SH,0.032481,0.041648071173339164,83,5,10,0.08,25,75,1032481.0
600519.SH,0.032481,0.041648071173339164,83,5,10,0.08,30,75,1032481.0
600519.SH,0.032481,0.041648071173339164,83,5,10,0.1,20,75,1032481.0
600519.SH,0.032481,0.041648071173339164,83,5,10,0.1,25,75,1032481.0
600519.SH,0.032481,0.041648071173339164,83,5,10,0.1,30,75,1032481.0
600519.SH,0.032441,0.03404820715732297,99,5,5,0.03,20,70,1032441.0
600519.SH,0.032441,0.03404820715732297,99,5,5,0.03,25,70,1032441.0
600519.SH,0.032441,0.03404820715732297,99,5,5,0.03,30,70,1032441.0
600519.SH,0.031555,0.02308278493874127,22,60,5,0.03,20,80,1031555.0
600519.SH,0.031555,0.02308278493874127,22,60,5,0.03,25,80,1031555.0
600519.SH,0.031555,0.02308278493874127,22,60,5,0.03,30,80,1031555.0
600519.SH,0.031555,0.02308278493874127,22,60,5,0.05,20,80,1031555.0
600519.SH,0.031555,0.02308278493874127,22,60,5,0.05,25,80,1031555.0
600519.SH,0.031555,0.02308278493874127,22,60,5,0.05,30,80,1031555.0
600519.SH,0.031555,0.02308278493874127,22,60,5,0.08,20,80,1031555.0
600519.SH,0.031555,0.02308278493874127,22,60,5,0.08,25,80,1031555.0
600519.SH,0.031555,0.02308278493874127,22,60,5,0.08,30,80,1031555.0
600519.SH,0.031555,0.02308278493874127,22,60,5,0.1,20,80,1031555.0
600519.SH,0.031555,0.02308278493874127,22,60,5,0.1,25,80,1031555.0
600519.SH,0.031555,0.02308278493874127,22,60,5,0.1,30,80,1031555.0
600519.SH,0.031437,0.03620113574092305,99,5,5,0.08,20,75,1031437.0
600519.SH,0.031437,0.03620113574092305,99,5,5,0.08,25,75,1031437.0
600519.SH,0.031437,0.03620113574092305,99,5,5,0.08,30,75,1031437.0
600519.SH,0.031437,0.03620113574092305,99,5,5,0.1,20,75,1031437.0
600519.SH,0.031437,0.03620113574092305,99,5,5,0.1,25,75,1031437.0
600519.SH,0.031437,0.03620113574092305,99,5,5,0.1,30,75,1031437.0
600519.SH,0.031302,0.025140158643476483,86,10,3,0.05,20,70,1031302.0
600519.SH,0.031302,0.025140158643476483,86,10,3,0.05,25,70,1031302.0
600519.SH,0.031302,0.025140158643476483,86,10,3,0.05,30,70,1031302.0
600519.SH,0.031302,0.025140158643476483,86,10,3,0.08,20,70,1031302.0
600519.SH,0.031302,0.025140158643476483,86,10,3,0.08,25,70,1031302.0
600519.SH,0.031302,0.025140158643476483,86,10,3,0.08,30,70,1031302.0
600519.SH,0.031302,0.025140158643476483,86,10,3,0.1,20,70,1031302.0
600519.SH,0.031302,0.025140158643476483,86,10,3,0.1,25,70,1031302.0
600519.SH,0.031302,0.025140158643476483,86,10,3,0.1,30,70,1031302.0
600519.SH,0.031248,0.014602153815197437,16,60,10,0.03,20,75,1031248.0
600519.SH,0.031248,0.014602153815197437,16,60,10,0.03,25,75,1031248.0
600519.SH,0.031248,0.014602153815197437,16,60,10,0.03,30,75,1031248.0
600519.SH,0.031248,0.014602153815197437,16,60,10,0.05,20,75,1031248.0
600519.SH,0.031248,0.014602153815197437,16,60,10,0.05,25,75,1031248.0
600519.SH,0.031248,0.014602153815197437,16,60,10,0.05,30,75,1031248.0
600519.SH,0.031018,0.025140158643476483,86,10,3,0.03,20,70,1031018.0
600519.SH,0.031018,0.025140158643476483,86,10,3,0.03,25,70,1031018.0
600519.SH,0.031018,0.025140158643476483,86,10,3,0.03,30,70,1031018.0
600519.SH,0.030121,0.03966015103309814,74,10,10,0.05,20,70,1030121.0
600519.SH,0.030121,0.03966015103309814,74,10,10,0.05,25,70,1030121.0
600519.SH,0.030121,0.03966015103309814,74,10,10,0.05,30,70,1030121.0
600519.SH,0.029743,0.016101317570697275,16,60,10,0.08,20,75,1029743.0
600519.SH,0.029743,0.016101317570697275,16,60,10,0.08,25,75,1029743.0
600519.SH,0.029743,0.016101317570697275,16,60,10,0.08,30,75,1029743.0
600519.SH,0.029743,0.016101317570697275,16,60,10,0.1,20,75,1029743.0
600519.SH,0.029743,0.016101317570697275,16,60,10,0.1,25,75,1029743.0
600519.SH,0.029743,0.016101317570697275,16,60,10,0.1,30,75,1029743.0
600519.SH,0.029663,0.027366862456691496,86,10,5,0.03,20,75,1029663.0
600519.SH,0.029663,0.027366862456691496,86,10,5,0.03,25,75,1029663.0
600519.SH,0.029663,0.027366862456691496,86,10,5,0.03,30,75,1029663.0
600519.SH,0.028199,0.03403797991776739,101,5,5,0.03,20,75,1028199.0
600519.SH,0.028199,0.03403797991776739,101,5,5,0.03,25,75,1028199.0
600519.SH,0.028199,0.03403797991776739,101,5,5,0.03,30,75,1028199.0
600519.SH,0.027888,0.03956953125609632,89,5,10,0.03,20,75,1027888.0
600519.SH,0.027888,0.03956953125609632,89,5,10,0.03,25,75,1027888.0
600519.SH,0.027888,0.03956953125609632,89,5,10,0.03,30,75,1027888.0
600519.SH,0.027717,0.025055747962433997,90,10,3,0.05,20,75,1027717.0
600519.SH,0.027717,0.025055747962433997,90,10,3,0.05,25,75,1027717.0
600519.SH,0.027717,0.025055747962433997,90,10,3,0.05,30,75,1027717.0
600519.SH,0.027717,0.025055747962433997,90,10,3,0.08,20,75,1027717.0
600519.SH,0.027717,0.025055747962433997,90,10,3,0.08,25,75,1027717.0
600519.SH,0.027717,0.025055747962433997,90,10,3,0.08,30,75,1027717.0
600519.SH,0.027717,0.025055747962433997,90,10,3,0.1,20,75,1027717.0
600519.SH,0.027717,0.025055747962433997,90,10,3,0.1,25,75,1027717.0
600519.SH,0.027717,0.025055747962433997,90,10,3,0.1,30,75,1027717.0
600519.SH,0.027433,0.025055747962433997,90,10,3,0.03,20,75,1027433.0
600519.SH,0.027433,0.025055747962433997,90,10,3,0.03,25,75,1027433.0
600519.SH,0.027433,0.025055747962433997,90,10,3,0.03,30,75,1027433.0
600519.SH,0.0268,0.04897862928935424,85,5,10,0.05,20,75,1026800.0
600519.SH,0.0268,0.04897862928935424,85,5,10,0.05,25,75,1026800.0
600519.SH,0.0268,0.04897862928935424,85,5,10,0.05,30,75,1026800.0
600519.SH,0.02537,0.03514814858541615,78,10,10,0.03,20,70,1025370.0
600519.SH,0.02537,0.03514814858541615,78,10,10,0.03,25,70,1025370.0
600519.SH,0.02537,0.03514814858541615,78,10,10,0.03,30,70,1025370.0
600519.SH,0.025254,0.0398501925757898,74,10,10,0.08,20,70,1025254.0
600519.SH,0.025254,0.0398501925757898,74,10,10,0.08,25,70,1025254.0
600519.SH,0.025254,0.0398501925757898,74,10,10,0.08,30,70,1025254.0
600519.SH,0.025254,0.0398501925757898,74,10,10,0.1,20,70,1025254.0
600519.SH,0.025254,0.0398501925757898,74,10,10,0.1,25,70,1025254.0
600519.SH,0.025254,0.0398501925757898,74,10,10,0.1,30,70,1025254.0
600519.SH,0.024694,0.003933816968847479,12,60,3,0.03,20,70,1024694.0
600519.SH,0.024694,0.003933816968847479,12,60,3,0.03,25,70,1024694.0
600519.SH,0.024694,0.003933816968847479,12,60,3,0.03,30,70,1024694.0
600519.SH,0.024694,0.003933816968847479,12,60,3,0.05,20,70,1024694.0
600519.SH,0.024694,0.003933816968847479,12,60,3,0.05,25,70,1024694.0
600519.SH,0.024694,0.003933816968847479,12,60,3,0.05,30,70,1024694.0
600519.SH,0.024694,0.003933816968847479,12,60,3,0.08,20,70,1024694.0
600519.SH,0.024694,0.003933816968847479,12,60,3,0.08,25,70,1024694.0
600519.SH,0.024694,0.003933816968847479,12,60,3,0.08,30,70,1024694.0
600519.SH,0.024694,0.003933816968847479,12,60,3,0.1,20,70,1024694.0
600519.SH,0.024694,0.003933816968847479,12,60,3,0.1,25,70,1024694.0
600519.SH,0.024694,0.003933816968847479,12,60,3,0.1,30,70,1024694.0
600519.SH,0.024672,0.003933816968847479,12,60,5,0.03,20,70,1024672.0
600519.SH,0.024672,0.003933816968847479,12,60,5,0.03,25,70,1024672.0
600519.SH,0.024672,0.003933816968847479,12,60,5,0.03,30,70,1024672.0
600519.SH,0.024672,0.003933816968847479,12,60,5,0.05,20,70,1024672.0
600519.SH,0.024672,0.003933816968847479,12,60,5,0.05,25,70,1024672.0
600519.SH,0.024672,0.003933816968847479,12,60,5,0.05,30,70,1024672.0
600519.SH,0.024672,0.003933816968847479,12,60,5,0.08,20,70,1024672.0
600519.SH,0.024672,0.003933816968847479,12,60,5,0.08,25,70,1024672.0
600519.SH,0.024672,0.003933816968847479,12,60,5,0.08,30,70,1024672.0
600519.SH,0.024672,0.003933816968847479,12,60,5,0.1,20,70,1024672.0
600519.SH,0.024672,0.003933816968847479,12,60,5,0.1,25,70,1024672.0
600519.SH,0.024672,0.003933816968847479,12,60,5,0.1,30,70,1024672.0
600519.SH,0.024123,0.024155839408685983,22,60,10,0.03,20,80,1024123.0
600519.SH,0.024123,0.024155839408685983,22,60,10,0.03,25,80,1024123.0
600519.SH,0.024123,0.024155839408685983,22,60,10,0.03,30,80,1024123.0
600519.SH,0.024092,0.031021785410434977,50,20,10,0.03,20,80,1024092.0
600519.SH,0.024092,0.031021785410434977,50,20,10,0.03,25,80,1024092.0
600519.SH,0.024092,0.031021785410434977,50,20,10,0.03,30,80,1024092.0
600519.SH,0.022904,0.005151605375949481,12,60,10,0.03,20,70,1022904.0
600519.SH,0.022904,0.005151605375949481,12,60,10,0.03,25,70,1022904.0
600519.SH,0.022904,0.005151605375949481,12,60,10,0.03,30,70,1022904.0
600519.SH,0.022904,0.005151605375949481,12,60,10,0.05,20,70,1022904.0
600519.SH,0.022904,0.005151605375949481,12,60,10,0.05,25,70,1022904.0
600519.SH,0.022904,0.005151605375949481,12,60,10,0.05,30,70,1022904.0
600519.SH,0.022904,0.005151605375949481,12,60,10,0.08,20,70,1022904.0
600519.SH,0.022904,0.005151605375949481,12,60,10,0.08,25,70,1022904.0
600519.SH,0.022904,0.005151605375949481,12,60,10,0.08,30,70,1022904.0
600519.SH,0.022904,0.005151605375949481,12,60,10,0.1,20,70,1022904.0
600519.SH,0.022904,0.005151605375949481,12,60,10,0.1,25,70,1022904.0
600519.SH,0.022904,0.005151605375949481,12,60,10,0.1,30,70,1022904.0
600519.SH,0.022225,0.02845344692688864,88,10,5,0.05,20,80,1022225.0
600519.SH,0.022225,0.02845344692688864,88,10,5,0.05,25,80,1022225.0
600519.SH,0.022225,0.02845344692688864,88,10,5,0.05,30,80,1022225.0
600519.SH,0.022097,0.0248268574391529,58,20,3,0.03,20,80,1022097.0
600519.SH,0.022097,0.0248268574391529,58,20,3,0.03,25,80,1022097.0
600519.SH,0.022097,0.0248268574391529,58,20,3,0.03,30,80,1022097.0
600519.SH,0.021612,0.04017387557504404,76,10,10,0.05,20,75,1021612.0
600519.SH,0.021612,0.04017387557504404,76,10,10,0.05,25,75,1021612.0
600519.SH,0.021612,0.04017387557504404,76,10,10,0.05,30,75,1021612.0
600519.SH,0.020761,0.03502961061749393,103,5,5,0.05,20,80,1020761.0
600519.SH,0.020761,0.03502961061749393,103,5,5,0.05,25,80,1020761.0
600519.SH,0.020761,0.03502961061749393,103,5,5,0.05,30,80,1020761.0
600519.SH,0.020405,0.0248268574391529,58,20,3,0.05,20,80,1020405.0
600519.SH,0.020405,0.0248268574391529,58,20,3,0.05,25,80,1020405.0
600519.SH,0.020405,0.0248268574391529,58,20,3,0.05,30,80,1020405.0
600519.SH,0.020405,0.0248268574391529,58,20,3,0.08,20,80,1020405.0
600519.SH,0.020405,0.0248268574391529,58,20,3,0.08,25,80,1020405.0
600519.SH,0.020405,0.0248268574391529,58,20,3,0.08,30,80,1020405.0
600519.SH,0.020405,0.0248268574391529,58,20,3,0.1,20,80,1020405.0
600519.SH,0.020405,0.0248268574391529,58,20,3,0.1,25,80,1020405.0
600519.SH,0.020405,0.0248268574391529,58,20,3,0.1,30,80,1020405.0
600519.SH,0.01907,0.02331068383971556,26,60,3,0.03,20,80,1019070.0
600519.SH,0.01907,0.02331068383971556,26,60,3,0.03,25,80,1019070.0
600519.SH,0.01907,0.02331068383971556,26,60,3,0.03,30,80,1019070.0
600519.SH,0.01907,0.02331068383971556,26,60,3,0.05,20,80,1019070.0
600519.SH,0.01907,0.02331068383971556,26,60,3,0.05,25,80,1019070.0
600519.SH,0.01907,0.02331068383971556,26,60,3,0.05,30,80,1019070.0
600519.SH,0.01907,0.02331068383971556,26,60,3,0.08,20,80,1019070.0
600519.SH,0.01907,0.02331068383971556,26,60,3,0.08,25,80,1019070.0
600519.SH,0.01907,0.02331068383971556,26,60,3,0.08,30,80,1019070.0
600519.SH,0.01907,0.02331068383971556,26,60,3,0.1,20,80,1019070.0
600519.SH,0.01907,0.02331068383971556,26,60,3,0.1,25,80,1019070.0
600519.SH,0.01907,0.02331068383971556,26,60,3,0.1,30,80,1019070.0
600519.SH,0.017358,0.028587843785392704,88,10,5,0.08,20,80,1017358.0
600519.SH,0.017358,0.028587843785392704,88,10,5,0.08,25,80,1017358.0
600519.SH,0.017358,0.028587843785392704,88,10,5,0.08,30,80,1017358.0
600519.SH,0.017358,0.028587843785392704,88,10,5,0.1,20,80,1017358.0
600519.SH,0.017358,0.028587843785392704,88,10,5,0.1,25,80,1017358.0
600519.SH,0.017358,0.028587843785392704,88,10,5,0.1,30,80,1017358.0
600519.SH,0.016861,0.03468355918751286,80,10,10,0.03,20,75,1016861.0
600519.SH,0.016861,0.03468355918751286,80,10,10,0.03,25,75,1016861.0
600519.SH,0.016861,0.03468355918751286,80,10,10,0.03,30,75,1016861.0
600519.SH,0.015894,0.03519439410414402,103,5,5,0.08,20,80,1015894.0
600519.SH,0.015894,0.03519439410414402,103,5,5,0.08,25,80,1015894.0
600519.SH,0.015894,0.03519439410414402,103,5,5,0.08,30,80,1015894.0
600519.SH,0.015894,0.03519439410414402,103,5,5,0.1,20,80,1015894.0
600519.SH,0.015894,0.03519439410414402,103,5,5,0.1,25,80,1015894.0
600519.SH,0.015894,0.03519439410414402,103,5,5,0.1,30,80,1015894.0
600519.SH,0.015276,0.040380047505938245,85,5,10,0.08,20,80,1015276.0
600519.SH,0.015276,0.040380047505938245,85,5,10,0.08,25,80,1015276.0
600519.SH,0.015276,0.040380047505938245,85,5,10,0.08,30,80,1015276.0
600519.SH,0.015276,0.040380047505938245,85,5,10,0.1,20,80,1015276.0
600519.SH,0.015276,0.040380047505938245,85,5,10,0.1,25,80,1015276.0
600519.SH,0.015276,0.040380047505938245,85,5,10,0.1,30,80,1015276.0
600519.SH,0.01524,0.0418395492710525,76,10,10,0.08,20,75,1015240.0
600519.SH,0.01524,0.0418395492710525,76,10,10,0.08,25,75,1015240.0
600519.SH,0.01524,0.0418395492710525,76,10,10,0.08,30,75,1015240.0
600519.SH,0.01524,0.0418395492710525,76,10,10,0.1,20,75,1015240.0
600519.SH,0.01524,0.0418395492710525,76,10,10,0.1,25,75,1015240.0
600519.SH,0.01524,0.0418395492710525,76,10,10,0.1,30,75,1015240.0
600519.SH,0.015039,0.034897290179636234,115,5,3,0.05,20,70,1015039.0
600519.SH,0.015039,0.034897290179636234,115,5,3,0.05,25,70,1015039.0
600519.SH,0.015039,0.034897290179636234,115,5,3,0.05,30,70,1015039.0
600519.SH,0.015039,0.034897290179636234,115,5,3,0.08,20,70,1015039.0
600519.SH,0.015039,0.034897290179636234,115,5,3,0.08,25,70,1015039.0
600519.SH,0.015039,0.034897290179636234,115,5,3,0.08,30,70,1015039.0
600519.SH,0.015039,0.034897290179636234,115,5,3,0.1,20,70,1015039.0
600519.SH,0.015039,0.034897290179636234,115,5,3,0.1,25,70,1015039.0
600519.SH,0.015039,0.034897290179636234,115,5,3,0.1,30,70,1015039.0
600519.SH,0.014755,0.034897290179636234,115,5,3,0.03,20,70,1014755.0
600519.SH,0.014755,0.034897290179636234,115,5,3,0.03,25,70,1014755.0
600519.SH,0.014755,0.034897290179636234,115,5,3,0.03,30,70,1014755.0
600519.SH,0.01412,0.032494673686788295,90,10,5,0.03,20,80,1014120.0
600519.SH,0.01412,0.032494673686788295,90,10,5,0.03,25,80,1014120.0
600519.SH,0.01412,0.032494673686788295,90,10,5,0.03,30,80,1014120.0
600519.SH,0.012656,0.033033225652209404,105,5,5,0.03,20,80,1012656.0
600519.SH,0.012656,0.033033225652209404,105,5,5,0.03,25,80,1012656.0
600519.SH,0.012656,0.033033225652209404,105,5,5,0.03,30,80,1012656.0
600519.SH,0.011454,0.04153205983566262,117,5,3,0.05,20,75,1011454.0
600519.SH,0.011454,0.04153205983566262,117,5,3,0.05,25,75,1011454.0
600519.SH,0.011454,0.04153205983566262,117,5,3,0.05,30,75,1011454.0
600519.SH,0.011454,0.04153205983566262,117,5,3,0.08,20,75,1011454.0
600519.SH,0.011454,0.04153205983566262,117,5,3,0.08,25,75,1011454.0
600519.SH,0.011454,0.04153205983566262,117,5,3,0.08,30,75,1011454.0
600519.SH,0.011454,0.04153205983566262,117,5,3,0.1,20,75,1011454.0
600519.SH,0.011454,0.04153205983566262,117,5,3,0.1,25,75,1011454.0
600519.SH,0.011454,0.04153205983566262,117,5,3,0.1,30,75,1011454.0
600519.SH,0.01117,0.04153205983566262,117,5,3,0.03,20,75,1011170.0
600519.SH,0.01117,0.04153205983566262,117,5,3,0.03,25,75,1011170.0
600519.SH,0.01117,0.04153205983566262,117,5,3,0.03,30,75,1011170.0
600519.SH,0.009595,0.040602224686563264,87,5,10,0.05,20,80,1009595.0
600519.SH,0.009595,0.040602224686563264,87,5,10,0.05,25,80,1009595.0
600519.SH,0.009595,0.040602224686563264,87,5,10,0.05,30,80,1009595.0
600519.SH,0.009458,0.03815319305625574,78,10,10,0.05,20,80,1009458.0
600519.SH,0.009458,0.03815319305625574,78,10,10,0.05,25,80,1009458.0
600519.SH,0.009458,0.03815319305625574,78,10,10,0.05,30,80,1009458.0
600519.SH,0.004591,0.0383330298792511,78,10,10,0.08,20,80,1004591.0
600519.SH,0.004591,0.0383330298792511,78,10,10,0.08,25,80,1004591.0
600519.SH,0.004591,0.0383330298792511,78,10,10,0.08,30,80,1004591.0
600519.SH,0.004591,0.0383330298792511,78,10,10,0.1,20,80,1004591.0
600519.SH,0.004591,0.0383330298792511,78,10,10,0.1,25,80,1004591.0
600519.SH,0.004591,0.0383330298792511,78,10,10,0.1,30,80,1004591.0
600519.SH,0.004552,0.03621831348216513,93,5,10,0.03,20,80,1004552.0
600519.SH,0.004552,0.03621831348216513,93,5,10,0.03,25,80,1004552.0
600519.SH,0.004552,0.03621831348216513,93,5,10,0.03,30,80,1004552.0
600519.SH,0.001274,0.03281385238563918,98,10,3,0.05,20,80,1001274.0
600519.SH,0.001274,0.03281385238563918,98,10,3,0.05,25,80,1001274.0
600519.SH,0.001274,0.03281385238563918,98,10,3,0.05,30,80,1001274.0
600519.SH,0.001274,0.03281385238563918,98,10,3,0.08,20,80,1001274.0
600519.SH,0.001274,0.03281385238563918,98,10,3,0.08,25,80,1001274.0
600519.SH,0.001274,0.03281385238563918,98,10,3,0.08,30,80,1001274.0
600519.SH,0.001274,0.03281385238563918,98,10,3,0.1,20,80,1001274.0
600519.SH,0.001274,0.03281385238563918,98,10,3,0.1,25,80,1001274.0
600519.SH,0.001274,0.03281385238563918,98,10,3,0.1,30,80,1001274.0
600519.SH,0.00099,0.03281385238563918,98,10,3,0.03,20,80,1000990.0
600519.SH,0.00099,0.03281385238563918,98,10,3,0.03,25,80,1000990.0
600519.SH,0.00099,0.03281385238563918,98,10,3,0.03,30,80,1000990.0
600519.SH,-0.006475,0.0347584041110556,84,10,10,0.03,20,80,993525.0
600519.SH,-0.006475,0.0347584041110556,84,10,10,0.03,25,80,993525.0
600519.SH,-0.006475,0.0347584041110556,84,10,10,0.03,30,80,993525.0
600519.SH,-0.014989,0.03795339470598904,125,5,3,0.05,20,80,985011.0
600519.SH,-0.014989,0.03795339470598904,125,5,3,0.05,25,80,985011.0
600519.SH,-0.014989,0.03795339470598904,125,5,3,0.05,30,80,985011.0
600519.SH,-0.014989,0.03795339470598904,125,5,3,0.08,20,80,985011.0
600519.SH,-0.014989,0.03795339470598904,125,5,3,0.08,25,80,985011.0
600519.SH,-0.014989,0.03795339470598904,125,5,3,0.08,30,80,985011.0
600519.SH,-0.014989,0.03795339470598904,125,5,3,0.1,20,80,985011.0
600519.SH,-0.014989,0.03795339470598904,125,5,3,0.1,25,80,985011.0
600519.SH,-0.014989,0.03795339470598904,125,5,3,0.1,30,80,985011.0
600519.SH,-0.015273,0.03795339470598904,125,5,3,0.03,20,80,984727.0
600519.SH,-0.015273,0.03795339470598904,125,5,3,0.03,25,80,984727.0
600519.SH,-0.015273,0.03795339470598904,125,5,3,0.03,30,80,984727.0
